printer,lp34
tst_printerid07,lp34_1231_1100_001
tst_printerid07,lp34_1231_1100_002
tst_printerid07,lp34_1231_1100_003
tst_printerid07,lp34_1231_1100_004
tst_printerid07,lp34_1231_1100_005
tst_printerid07,lp34_1231_1100_006
tst_printerid07,lp34_1231_1100_007
tst_printerid07,lp34_1231_1100_008
tst_printerid07,lp34_1231_1100_009
tst_printerid07,lp34_1231_1100_010
tst_printerid07,lp34_1231_1100_011
tst_printerid07,lp34_1231_1100_012
tst_printerid07,lp34_1231_1100_013
tst_printerid07,lp34_1231_1100_014
tst_printerid07,lp34_1231_1100_015
tst_printerid07,lp34_1231_1100_016
tst_printerid07,lp34_1231_1100_017
tst_printerid07,lp34_1231_1100_018
tst_printerid07,lp34_1231_1100_019
tst_printerid07,lp34_1231_1100_020
tst_printerid07,lp34_1231_1100_021
tst_printerid07,lp34_1231_1100_022
tst_printerid07,lp34_1231_1100_023
tst_printerid07,lp34_1231_1100_024
tst_printerid07,lp34_1231_1100_025
tst_printerid07,lp34_1231_1100_026
tst_printerid07,lp34_1231_1100_027
tst_printerid07,lp34_1231_1100_028
tst_printerid07,lp34_1231_1100_029
tst_printerid07,lp34_1231_1100_030
tst_printerid07,lp34_1231_1100_031
tst_printerid07,lp34_1231_1100_032
tst_printerid07,lp34_1231_1100_033
tst_printerid07,lp34_1231_1100_034
tst_printerid07,lp34_1231_1100_035
tst_printerid07,lp34_1231_1100_036
tst_printerid07,lp34_1231_1100_037
tst_printerid07,lp34_1231_1100_038
tst_printerid07,lp34_1231_1100_039
tst_printerid07,lp34_1231_1100_040
tst_printerid07,lp34_1231_1100_041
tst_printerid07,lp34_1231_1100_042
tst_printerid07,lp34_1231_1100_043
tst_printerid07,lp34_1231_1100_044
tst_printerid07,lp34_1231_1100_045
tst_printerid07,lp34_1231_1100_046
tst_printerid07,lp34_1231_1100_047
tst_printerid07,lp34_1231_1100_048
tst_printerid07,lp34_1231_1100_049
tst_printerid07,lp34_1231_1100_050
tst_printerid07,lp34_1231_1100_051
tst_printerid07,lp34_1231_1100_052
tst_printerid07,lp34_1231_1100_053
tst_printerid07,lp34_1231_1100_054
tst_printerid07,lp34_1231_1100_055
tst_printerid07,lp34_1231_1100_056
tst_printerid07,lp34_1231_1100_057
tst_printerid07,lp34_1231_1100_058
tst_printerid07,lp34_1231_1100_059
tst_printerid07,lp34_1231_1100_060
tst_printerid07,lp34_1231_1100_061
tst_printerid07,lp34_1231_1100_062
tst_printerid07,lp34_1231_1100_063
tst_printerid07,lp34_1231_1100_064
tst_printerid07,lp34_1231_1100_065
tst_printerid07,lp34_1231_1100_066
tst_printerid07,lp34_1231_1100_067
tst_printerid07,lp34_1231_1100_068
tst_printerid07,lp34_1231_1100_069
tst_printerid07,lp34_1231_1100_070
tst_printerid07,lp34_1231_1100_071
tst_printerid07,lp34_1231_1100_072
tst_printerid07,lp34_1231_1100_073
tst_printerid07,lp34_1231_1100_074
tst_printerid07,lp34_1231_1100_075
tst_printerid07,lp34_1231_1100_076
tst_printerid07,lp34_1231_1100_077
tst_printerid07,lp34_1231_1100_078
tst_printerid07,lp34_1231_1100_079
tst_printerid07,lp34_1231_1100_080
tst_printerid07,lp34_1231_1100_081
tst_printerid07,lp34_1231_1100_082
tst_printerid07,lp34_1231_1100_083
tst_printerid07,lp34_1231_1100_084
tst_printerid07,lp34_1231_1100_085
tst_printerid07,lp34_1231_1100_086
tst_printerid07,lp34_1231_1100_087
tst_printerid07,lp34_1231_1100_088
tst_printerid07,lp34_1231_1100_089
tst_printerid07,lp34_1231_1100_090
tst_printerid07,lp34_1231_1100_091
tst_printerid07,lp34_1231_1100_092
tst_printerid07,lp34_1231_1100_093
tst_printerid07,lp34_1231_1100_094
tst_printerid07,lp34_1231_1100_095
tst_printerid07,lp34_1231_1100_096
tst_printerid07,lp34_1231_1100_097
tst_printerid07,lp34_1231_1100_098
tst_printerid07,lp34_1231_1100_099
tst_printerid07,lp34_1231_1100_100
tst_printerid07,lp34_1231_1100_101
tst_printerid07,lp34_1231_1100_102
tst_printerid07,lp34_1231_1100_103
tst_printerid07,lp34_1231_1100_104
tst_printerid07,lp34_1231_1100_105
tst_printerid07,lp34_1231_1100_106
tst_printerid07,lp34_1231_1100_107
tst_printerid07,lp34_1231_1100_108
tst_printerid07,lp34_1231_1100_109
tst_printerid07,lp34_1231_1100_110
tst_printerid07,lp34_1231_1100_111
tst_printerid07,lp34_1231_1100_112
tst_printerid07,lp34_1231_1100_113
tst_printerid07,lp34_1231_1100_114
tst_printerid07,lp34_1231_1100_115
tst_printerid07,lp34_1231_1100_116
tst_printerid07,lp34_1231_1100_117
tst_printerid07,lp34_1231_1100_118
tst_printerid07,lp34_1231_1100_119
tst_printerid07,lp34_1231_1100_120
tst_printerid07,lp34_1231_1100_121
tst_printerid07,lp34_1231_1100_122
tst_printerid07,lp34_1231_1100_123
tst_printerid07,lp34_1231_1100_124
tst_printerid07,lp34_1231_1100_125
tst_printerid07,lp34_1231_1100_126
tst_printerid07,lp34_1231_1100_127
tst_printerid07,lp34_1231_1100_128
tst_printerid07,lp34_1231_1100_129
tst_printerid07,lp34_1231_1100_130
tst_printerid07,lp34_1231_1100_131
tst_printerid07,lp34_1231_1100_132
tst_printerid07,lp34_1231_1100_133
tst_printerid07,lp34_1231_1100_134
tst_printerid07,lp34_1231_1100_135
tst_printerid07,lp34_1231_1100_136
tst_printerid07,lp34_1231_1100_137
tst_printerid07,lp34_1231_1100_138
tst_printerid07,lp34_1231_1100_139
tst_printerid07,lp34_1231_1100_140
tst_printerid07,lp34_1231_1100_141
tst_printerid07,lp34_1231_1100_142
tst_printerid07,lp34_1231_1100_143
tst_printerid07,lp34_1231_1100_144
tst_printerid07,lp34_1231_1100_145
tst_printerid07,lp34_1231_1100_146
tst_printerid07,lp34_1231_1100_147
tst_printerid07,lp34_1231_1100_148
tst_printerid07,lp34_1231_1100_149
tst_printerid07,lp34_1231_1100_150
tst_printerid07,lp34_1231_1100_151
tst_printerid07,lp34_1231_1100_152
tst_printerid07,lp34_1231_1100_153
tst_printerid07,lp34_1231_1100_154
tst_printerid07,lp34_1231_1100_155
tst_printerid07,lp34_1231_1100_156
tst_printerid07,lp34_1231_1100_157
tst_printerid07,lp34_1231_1100_158
tst_printerid07,lp34_1231_1100_159
tst_printerid07,lp34_1231_1100_160
tst_printerid07,lp34_1231_1100_161
tst_printerid07,lp34_1231_1100_162
tst_printerid07,lp34_1231_1100_163
tst_printerid07,lp34_1231_1100_164
tst_printerid07,lp34_1231_1100_165
tst_printerid07,lp34_1231_1100_166
tst_printerid07,lp34_1231_1100_167
tst_printerid07,lp34_1231_1100_168
tst_printerid07,lp34_1231_1100_169
tst_printerid07,lp34_1231_1100_170
tst_printerid07,lp34_1231_1100_171
tst_printerid07,lp34_1231_1100_172
tst_printerid07,lp34_1231_1100_173
tst_printerid07,lp34_1231_1100_174
tst_printerid07,lp34_1231_1100_175
tst_printerid07,lp34_1231_1100_176
tst_printerid07,lp34_1231_1100_177
tst_printerid07,lp34_1231_1100_178
tst_printerid07,lp34_1231_1100_179
tst_printerid07,lp34_1231_1100_180
tst_printerid07,lp34_1231_1100_181
tst_printerid07,lp34_1231_1100_182
tst_printerid07,lp34_1231_1100_183
tst_printerid07,lp34_1231_1100_184
tst_printerid07,lp34_1231_1100_185
tst_printerid07,lp34_1231_1100_186
tst_printerid07,lp34_1231_1100_187
tst_printerid07,lp34_1231_1100_188
tst_printerid07,lp34_1231_1100_189
tst_printerid07,lp34_1231_1100_190
tst_printerid07,lp34_1231_1100_191
tst_printerid07,lp34_1231_1100_192
tst_printerid07,lp34_1231_1100_193
tst_printerid07,lp34_1231_1100_194
tst_printerid07,lp34_1231_1100_195
tst_printerid07,lp34_1231_1100_196
tst_printerid07,lp34_1231_1100_197
tst_printerid07,lp34_1231_1100_198
tst_printerid07,lp34_1231_1100_199
tst_printerid07,lp34_1231_1100_200
tst_printerid07,lp34_1231_1100_201
tst_printerid07,lp34_1231_1100_202
tst_printerid07,lp34_1231_1100_203
tst_printerid07,lp34_1231_1100_204
tst_printerid07,lp34_1231_1100_205
tst_printerid07,lp34_1231_1100_206
tst_printerid07,lp34_1231_1100_207
tst_printerid07,lp34_1231_1100_208
tst_printerid07,lp34_1231_1100_209
tst_printerid07,lp34_1231_1100_210
tst_printerid07,lp34_1231_1100_211
tst_printerid07,lp34_1231_1100_212
tst_printerid07,lp34_1231_1100_213
tst_printerid07,lp34_1231_1100_214
tst_printerid07,lp34_1231_1100_215
tst_printerid07,lp34_1231_1100_216
tst_printerid07,lp34_1231_1100_217
tst_printerid07,lp34_1231_1100_218
tst_printerid07,lp34_1231_1100_219
tst_printerid07,lp34_1231_1100_220
tst_printerid07,lp34_1231_1100_221
tst_printerid07,lp34_1231_1100_222
tst_printerid07,lp34_1231_1100_223
tst_printerid07,lp34_1231_1100_224
tst_printerid07,lp34_1231_1100_225
