printer,lp78
tst_printerid07,lp78_1231_1200_001
tst_printerid07,lp78_1231_1200_002
tst_printerid07,lp78_1231_1200_003
tst_printerid07,lp78_1231_1200_004
tst_printerid07,lp78_1231_1200_005
tst_printerid07,lp78_1231_1200_006
tst_printerid07,lp78_1231_1200_007
tst_printerid07,lp78_1231_1200_008
tst_printerid07,lp78_1231_1200_009
tst_printerid07,lp78_1231_1200_010
tst_printerid07,lp78_1231_1200_011
tst_printerid07,lp78_1231_1200_012
tst_printerid07,lp78_1231_1200_013
tst_printerid07,lp78_1231_1200_014
tst_printerid07,lp78_1231_1200_015
tst_printerid07,lp78_1231_1200_016
tst_printerid07,lp78_1231_1200_017
tst_printerid07,lp78_1231_1200_018
tst_printerid07,lp78_1231_1200_019
tst_printerid07,lp78_1231_1200_020
tst_printerid07,lp78_1231_1200_021
tst_printerid07,lp78_1231_1200_022
tst_printerid07,lp78_1231_1200_023
tst_printerid07,lp78_1231_1200_024
tst_printerid07,lp78_1231_1200_025
tst_printerid07,lp78_1231_1200_026
tst_printerid07,lp78_1231_1200_027
tst_printerid07,lp78_1231_1200_028
tst_printerid07,lp78_1231_1200_029
tst_printerid07,lp78_1231_1200_030
tst_printerid07,lp78_1231_1200_031
tst_printerid07,lp78_1231_1200_032
tst_printerid07,lp78_1231_1200_033
tst_printerid07,lp78_1231_1200_034
tst_printerid07,lp78_1231_1200_035
tst_printerid07,lp78_1231_1200_036
tst_printerid07,lp78_1231_1200_037
tst_printerid07,lp78_1231_1200_038
tst_printerid07,lp78_1231_1200_039
tst_printerid07,lp78_1231_1200_040
tst_printerid07,lp78_1231_1200_041
tst_printerid07,lp78_1231_1200_042
tst_printerid07,lp78_1231_1200_043
tst_printerid07,lp78_1231_1200_044
tst_printerid07,lp78_1231_1200_045
tst_printerid07,lp78_1231_1200_046
tst_printerid07,lp78_1231_1200_047
tst_printerid07,lp78_1231_1200_048
tst_printerid07,lp78_1231_1200_049
tst_printerid07,lp78_1231_1200_050
tst_printerid07,lp78_1231_1200_051
tst_printerid07,lp78_1231_1200_052
tst_printerid07,lp78_1231_1200_053
tst_printerid07,lp78_1231_1200_054
tst_printerid07,lp78_1231_1200_055
tst_printerid07,lp78_1231_1200_056
tst_printerid07,lp78_1231_1200_057
tst_printerid07,lp78_1231_1200_058
tst_printerid07,lp78_1231_1200_059
tst_printerid07,lp78_1231_1200_060
tst_printerid07,lp78_1231_1200_061
tst_printerid07,lp78_1231_1200_062
tst_printerid07,lp78_1231_1200_063
tst_printerid07,lp78_1231_1200_064
tst_printerid07,lp78_1231_1200_065
tst_printerid07,lp78_1231_1200_066
tst_printerid07,lp78_1231_1200_067
tst_printerid07,lp78_1231_1200_068
tst_printerid07,lp78_1231_1200_069
tst_printerid07,lp78_1231_1200_070
tst_printerid07,lp78_1231_1200_071
tst_printerid07,lp78_1231_1200_072
tst_printerid07,lp78_1231_1200_073
tst_printerid07,lp78_1231_1200_074
tst_printerid07,lp78_1231_1200_075
tst_printerid07,lp78_1231_1200_076
tst_printerid07,lp78_1231_1200_077
tst_printerid07,lp78_1231_1200_078
tst_printerid07,lp78_1231_1200_079
tst_printerid07,lp78_1231_1200_080
tst_printerid07,lp78_1231_1200_081
tst_printerid07,lp78_1231_1200_082
tst_printerid07,lp78_1231_1200_083
tst_printerid07,lp78_1231_1200_084
tst_printerid07,lp78_1231_1200_085
tst_printerid07,lp78_1231_1200_086
tst_printerid07,lp78_1231_1200_087
tst_printerid07,lp78_1231_1200_088
tst_printerid07,lp78_1231_1200_089
tst_printerid07,lp78_1231_1200_090
tst_printerid07,lp78_1231_1200_091
tst_printerid07,lp78_1231_1200_092
tst_printerid07,lp78_1231_1200_093
tst_printerid07,lp78_1231_1200_094
tst_printerid07,lp78_1231_1200_095
tst_printerid07,lp78_1231_1200_096
tst_printerid07,lp78_1231_1200_097
tst_printerid07,lp78_1231_1200_098
tst_printerid07,lp78_1231_1200_099
tst_printerid07,lp78_1231_1200_100
tst_printerid07,lp78_1231_1200_101
tst_printerid07,lp78_1231_1200_102
tst_printerid07,lp78_1231_1200_103
tst_printerid07,lp78_1231_1200_104
tst_printerid07,lp78_1231_1200_105
tst_printerid07,lp78_1231_1200_106
tst_printerid07,lp78_1231_1200_107
tst_printerid07,lp78_1231_1200_108
tst_printerid07,lp78_1231_1200_109
tst_printerid07,lp78_1231_1200_110
tst_printerid07,lp78_1231_1200_111
tst_printerid07,lp78_1231_1200_112
tst_printerid07,lp78_1231_1200_113
tst_printerid07,lp78_1231_1200_114
tst_printerid07,lp78_1231_1200_115
tst_printerid07,lp78_1231_1200_116
tst_printerid07,lp78_1231_1200_117
tst_printerid07,lp78_1231_1200_118
tst_printerid07,lp78_1231_1200_119
tst_printerid07,lp78_1231_1200_120
tst_printerid07,lp78_1231_1200_121
tst_printerid07,lp78_1231_1200_122
tst_printerid07,lp78_1231_1200_123
tst_printerid07,lp78_1231_1200_124
tst_printerid07,lp78_1231_1200_125
tst_printerid07,lp78_1231_1200_126
tst_printerid07,lp78_1231_1200_127
tst_printerid07,lp78_1231_1200_128
tst_printerid07,lp78_1231_1200_129
tst_printerid07,lp78_1231_1200_130
tst_printerid07,lp78_1231_1200_131
tst_printerid07,lp78_1231_1200_132
tst_printerid07,lp78_1231_1200_133
tst_printerid07,lp78_1231_1200_134
tst_printerid07,lp78_1231_1200_135
tst_printerid07,lp78_1231_1200_136
tst_printerid07,lp78_1231_1200_137
tst_printerid07,lp78_1231_1200_138
tst_printerid07,lp78_1231_1200_139
tst_printerid07,lp78_1231_1200_140
tst_printerid07,lp78_1231_1200_141
tst_printerid07,lp78_1231_1200_142
tst_printerid07,lp78_1231_1200_143
tst_printerid07,lp78_1231_1200_144
tst_printerid07,lp78_1231_1200_145
tst_printerid07,lp78_1231_1200_146
tst_printerid07,lp78_1231_1200_147
tst_printerid07,lp78_1231_1200_148
tst_printerid07,lp78_1231_1200_149
tst_printerid07,lp78_1231_1200_150
tst_printerid07,lp78_1231_1200_151
tst_printerid07,lp78_1231_1200_152
tst_printerid07,lp78_1231_1200_153
tst_printerid07,lp78_1231_1200_154
tst_printerid07,lp78_1231_1200_155
tst_printerid07,lp78_1231_1200_156
tst_printerid07,lp78_1231_1200_157
tst_printerid07,lp78_1231_1200_158
tst_printerid07,lp78_1231_1200_159
tst_printerid07,lp78_1231_1200_160
tst_printerid07,lp78_1231_1200_161
tst_printerid07,lp78_1231_1200_162
tst_printerid07,lp78_1231_1200_163
tst_printerid07,lp78_1231_1200_164
tst_printerid07,lp78_1231_1200_165
tst_printerid07,lp78_1231_1200_166
tst_printerid07,lp78_1231_1200_167
tst_printerid07,lp78_1231_1200_168
tst_printerid07,lp78_1231_1200_169
tst_printerid07,lp78_1231_1200_170
tst_printerid07,lp78_1231_1200_171
tst_printerid07,lp78_1231_1200_172
tst_printerid07,lp78_1231_1200_173
tst_printerid07,lp78_1231_1200_174
tst_printerid07,lp78_1231_1200_175
tst_printerid07,lp78_1231_1200_176
tst_printerid07,lp78_1231_1200_177
tst_printerid07,lp78_1231_1200_178
tst_printerid07,lp78_1231_1200_179
tst_printerid07,lp78_1231_1200_180
tst_printerid07,lp78_1231_1200_181
tst_printerid07,lp78_1231_1200_182
tst_printerid07,lp78_1231_1200_183
tst_printerid07,lp78_1231_1200_184
tst_printerid07,lp78_1231_1200_185
tst_printerid07,lp78_1231_1200_186
tst_printerid07,lp78_1231_1200_187
tst_printerid07,lp78_1231_1200_188
tst_printerid07,lp78_1231_1200_189
tst_printerid07,lp78_1231_1200_190
tst_printerid07,lp78_1231_1200_191
tst_printerid07,lp78_1231_1200_192
tst_printerid07,lp78_1231_1200_193
tst_printerid07,lp78_1231_1200_194
tst_printerid07,lp78_1231_1200_195
tst_printerid07,lp78_1231_1200_196
tst_printerid07,lp78_1231_1200_197
tst_printerid07,lp78_1231_1200_198
tst_printerid07,lp78_1231_1200_199
tst_printerid07,lp78_1231_1200_200
tst_printerid07,lp78_1231_1200_201
tst_printerid07,lp78_1231_1200_202
tst_printerid07,lp78_1231_1200_203
tst_printerid07,lp78_1231_1200_204
tst_printerid07,lp78_1231_1200_205
tst_printerid07,lp78_1231_1200_206
tst_printerid07,lp78_1231_1200_207
tst_printerid07,lp78_1231_1200_208
tst_printerid07,lp78_1231_1200_209
tst_printerid07,lp78_1231_1200_210
tst_printerid07,lp78_1231_1200_211
tst_printerid07,lp78_1231_1200_212
tst_printerid07,lp78_1231_1200_213
tst_printerid07,lp78_1231_1200_214
tst_printerid07,lp78_1231_1200_215
tst_printerid07,lp78_1231_1200_216
tst_printerid07,lp78_1231_1200_217
tst_printerid07,lp78_1231_1200_218
tst_printerid07,lp78_1231_1200_219
tst_printerid07,lp78_1231_1200_220
tst_printerid07,lp78_1231_1200_221
tst_printerid07,lp78_1231_1200_222
tst_printerid07,lp78_1231_1200_223
tst_printerid07,lp78_1231_1200_224
tst_printerid07,lp78_1231_1200_225
