cnc_host_id,cnc_OrderNum,cnc_DisplayNum,cnc_Store_OrderNum
AJCNC11223-2T2T-4000-4M1L-ZA0011,CNC530011,530011,8113211
AJCNC11223-2T2T-4000-4M1L-ZA0012,CNC530012,530012,8113212
AJCNC11223-2T2T-4000-4M1L-ZA0013,CNC530013,530013,8113213
AJCNC11223-2T2T-4000-4M1L-ZA0014,CNC530014,530014,8113214
AJCNC11223-2T2T-4000-4M1L-ZA0015,CNC530015,530015,8113215
AJCNC11223-2T2T-4000-4M1L-ZA0016,CNC530016,530016,8113216
AJCNC11223-2T2T-4000-4M1L-ZA0017,CNC530017,530017,8113217
AJCNC11223-2T2T-4000-4M1L-ZA0018,CNC530018,530018,8113218
AJCNC11223-2T2T-4000-4M1L-ZA0019,CNC530019,530019,8113219
AJCNC11223-2T2T-4000-4M1L-ZA0020,CNC530020,530020,8113220
AJCNC11223-2T2T-4000-4M1L-ZA0021,CNC530021,530021,8113221
AJCNC11223-2T2T-4000-4M1L-ZA0022,CNC530022,530022,8113222
AJCNC11223-2T2T-4000-4M1L-ZA0023,CNC530023,530023,8113223
AJCNC11223-2T2T-4000-4M1L-ZA0024,CNC530024,530024,8113224
AJCNC11223-2T2T-4000-4M1L-ZA0025,CNC530025,530025,8113225
AJCNC11223-2T2T-4000-4M1L-ZA0026,CNC530026,530026,8113226
AJCNC11223-2T2T-4000-4M1L-ZA0027,CNC530027,530027,8113227
AJCNC11223-2T2T-4000-4M1L-ZA0028,CNC530028,530028,8113228
AJCNC11223-2T2T-4000-4M1L-ZA0029,CNC530029,530029,8113229
AJCNC11223-2T2T-4000-4M1L-ZA0030,CNC530030,530030,8113230
AJCNC11223-2T2T-4000-4M1L-ZA0031,CNC530031,530031,8113231
AJCNC11223-2T2T-4000-4M1L-ZA0032,CNC530032,530032,8113232
AJCNC11223-2T2T-4000-4M1L-ZA0033,CNC530033,530033,8113233
AJCNC11223-2T2T-4000-4M1L-ZA0034,CNC530034,530034,8113234
AJCNC11223-2T2T-4000-4M1L-ZA0035,CNC530035,530035,8113235
AJCNC11223-2T2T-4000-4M1L-ZA0036,CNC530036,530036,8113236
AJCNC11223-2T2T-4000-4M1L-ZA0037,CNC530037,530037,8113237
AJCNC11223-2T2T-4000-4M1L-ZA0038,CNC530038,530038,8113238
AJCNC11223-2T2T-4000-4M1L-ZA0039,CNC530039,530039,8113239
AJCNC11223-2T2T-4000-4M1L-ZA0040,CNC530040,530040,8113240
AJCNC11223-2T2T-4000-4M1L-ZA0041,CNC530041,530041,8113241
AJCNC11223-2T2T-4000-4M1L-ZA0042,CNC530042,530042,8113242
AJCNC11223-2T2T-4000-4M1L-ZA0043,CNC530043,530043,8113243
AJCNC11223-2T2T-4000-4M1L-ZA0044,CNC530044,530044,8113244
AJCNC11223-2T2T-4000-4M1L-ZA0045,CNC530045,530045,8113245
AJCNC11223-2T2T-4000-4M1L-ZA0046,CNC530046,530046,8113246
AJCNC11223-2T2T-4000-4M1L-ZA0047,CNC530047,530047,8113247
AJCNC11223-2T2T-4000-4M1L-ZA0048,CNC530048,530048,8113248
AJCNC11223-2T2T-4000-4M1L-ZA0049,CNC530049,530049,8113249
AJCNC11223-2T2T-4000-4M1L-ZA0050,CNC530050,530050,8113250
AJCNC11223-2T2T-4000-4M1L-ZA0051,CNC530051,530051,8113251
AJCNC11223-2T2T-4000-4M1L-ZA0052,CNC530052,530052,8113252
AJCNC11223-2T2T-4000-4M1L-ZA0053,CNC530053,530053,8113253
AJCNC11223-2T2T-4000-4M1L-ZA0054,CNC530054,530054,8113254
AJCNC11223-2T2T-4000-4M1L-ZA0055,CNC530055,530055,8113255
AJCNC11223-2T2T-4000-4M1L-ZA0056,CNC530056,530056,8113256
AJCNC11223-2T2T-4000-4M1L-ZA0057,CNC530057,530057,8113257
AJCNC11223-2T2T-4000-4M1L-ZA0058,CNC530058,530058,8113258
AJCNC11223-2T2T-4000-4M1L-ZA0059,CNC530059,530059,8113259
AJCNC11223-2T2T-4000-4M1L-ZA0060,CNC530060,530060,8113260
AJCNC11223-2T2T-4000-4M1L-ZA0061,CNC530061,530061,8113261
AJCNC11223-2T2T-4000-4M1L-ZA0062,CNC530062,530062,8113262
AJCNC11223-2T2T-4000-4M1L-ZA0063,CNC530063,530063,8113263
AJCNC11223-2T2T-4000-4M1L-ZA0064,CNC530064,530064,8113264
AJCNC11223-2T2T-4000-4M1L-ZA0065,CNC530065,530065,8113265
AJCNC11223-2T2T-4000-4M1L-ZA0066,CNC530066,530066,8113266
AJCNC11223-2T2T-4000-4M1L-ZA0067,CNC530067,530067,8113267
AJCNC11223-2T2T-4000-4M1L-ZA0068,CNC530068,530068,8113268
AJCNC11223-2T2T-4000-4M1L-ZA0069,CNC530069,530069,8113269
AJCNC11223-2T2T-4000-4M1L-ZA0070,CNC530070,530070,8113270
AJCNC11223-2T2T-4000-4M1L-ZA0071,CNC530071,530071,8113271
AJCNC11223-2T2T-4000-4M1L-ZA0072,CNC530072,530072,8113272
AJCNC11223-2T2T-4000-4M1L-ZA0073,CNC530073,530073,8113273
AJCNC11223-2T2T-4000-4M1L-ZA0074,CNC530074,530074,8113274
AJCNC11223-2T2T-4000-4M1L-ZA0075,CNC530075,530075,8113275
AJCNC11223-2T2T-4000-4M1L-ZA0076,CNC530076,530076,8113276
AJCNC11223-2T2T-4000-4M1L-ZA0077,CNC530077,530077,8113277
AJCNC11223-2T2T-4000-4M1L-ZA0078,CNC530078,530078,8113278
AJCNC11223-2T2T-4000-4M1L-ZA0079,CNC530079,530079,8113279
AJCNC11223-2T2T-4000-4M1L-ZA0080,CNC530080,530080,8113280
AJCNC11223-2T2T-4000-4M1L-ZA0081,CNC530081,530081,8113281
AJCNC11223-2T2T-4000-4M1L-ZA0082,CNC530082,530082,8113282
AJCNC11223-2T2T-4000-4M1L-ZA0083,CNC530083,530083,8113283
AJCNC11223-2T2T-4000-4M1L-ZA0084,CNC530084,530084,8113284
AJCNC11223-2T2T-4000-4M1L-ZA0085,CNC530085,530085,8113285
AJCNC11223-2T2T-4000-4M1L-ZA0086,CNC530086,530086,8113286
AJCNC11223-2T2T-4000-4M1L-ZA0087,CNC530087,530087,8113287
AJCNC11223-2T2T-4000-4M1L-ZA0088,CNC530088,530088,8113288
AJCNC11223-2T2T-4000-4M1L-ZA0089,CNC530089,530089,8113289
AJCNC11223-2T2T-4000-4M1L-ZA0090,CNC530090,530090,8113290
AJCNC11223-2T2T-4000-4M1L-ZA0091,CNC530091,530091,8113291
AJCNC11223-2T2T-4000-4M1L-ZA0092,CNC530092,530092,8113292
AJCNC11223-2T2T-4000-4M1L-ZA0093,CNC530093,530093,8113293
AJCNC11223-2T2T-4000-4M1L-ZA0094,CNC530094,530094,8113294
AJCNC11223-2T2T-4000-4M1L-ZA0095,CNC530095,530095,8113295
AJCNC11223-2T2T-4000-4M1L-ZA0096,CNC530096,530096,8113296
AJCNC11223-2T2T-4000-4M1L-ZA0097,CNC530097,530097,8113297
AJCNC11223-2T2T-4000-4M1L-ZA0098,CNC530098,530098,8113298
AJCNC11223-2T2T-4000-4M1L-ZA0099,CNC530099,530099,8113299
AJCNC11223-2T2T-4000-4M1L-ZA0100,CNC530100,530100,8113300
AJCNC11223-2T2T-4000-4M1L-ZA0101,CNC530101,530101,8113301
AJCNC11223-2T2T-4000-4M1L-ZA0102,CNC530102,530102,8113302
AJCNC11223-2T2T-4000-4M1L-ZA0103,CNC530103,530103,8113303
AJCNC11223-2T2T-4000-4M1L-ZA0104,CNC530104,530104,8113304
AJCNC11223-2T2T-4000-4M1L-ZA0105,CNC530105,530105,8113305
AJCNC11223-2T2T-4000-4M1L-ZA0106,CNC530106,530106,8113306
AJCNC11223-2T2T-4000-4M1L-ZA0107,CNC530107,530107,8113307
AJCNC11223-2T2T-4000-4M1L-ZA0108,CNC530108,530108,8113308
AJCNC11223-2T2T-4000-4M1L-ZA0109,CNC530109,530109,8113309
AJCNC11223-2T2T-4000-4M1L-ZA0110,CNC530110,530110,8113310
AJCNC11223-2T2T-4000-4M1L-ZA0111,CNC530111,530111,8113311
AJCNC11223-2T2T-4000-4M1L-ZA0112,CNC530112,530112,8113312
AJCNC11223-2T2T-4000-4M1L-ZA0113,CNC530113,530113,8113313
AJCNC11223-2T2T-4000-4M1L-ZA0114,CNC530114,530114,8113314
AJCNC11223-2T2T-4000-4M1L-ZA0115,CNC530115,530115,8113315
AJCNC11223-2T2T-4000-4M1L-ZA0116,CNC530116,530116,8113316
AJCNC11223-2T2T-4000-4M1L-ZA0117,CNC530117,530117,8113317
AJCNC11223-2T2T-4000-4M1L-ZA0118,CNC530118,530118,8113318
AJCNC11223-2T2T-4000-4M1L-ZA0119,CNC530119,530119,8113319
AJCNC11223-2T2T-4000-4M1L-ZA0120,CNC530120,530120,8113320
AJCNC11223-2T2T-4000-4M1L-ZA0121,CNC530121,530121,8113321
AJCNC11223-2T2T-4000-4M1L-ZA0122,CNC530122,530122,8113322
AJCNC11223-2T2T-4000-4M1L-ZA0123,CNC530123,530123,8113323
AJCNC11223-2T2T-4000-4M1L-ZA0124,CNC530124,530124,8113324
AJCNC11223-2T2T-4000-4M1L-ZA0125,CNC530125,530125,8113325
AJCNC11223-2T2T-4000-4M1L-ZA0126,CNC530126,530126,8113326
AJCNC11223-2T2T-4000-4M1L-ZA0127,CNC530127,530127,8113327
AJCNC11223-2T2T-4000-4M1L-ZA0128,CNC530128,530128,8113328
AJCNC11223-2T2T-4000-4M1L-ZA0129,CNC530129,530129,8113329
AJCNC11223-2T2T-4000-4M1L-ZA0130,CNC530130,530130,8113330
AJCNC11223-2T2T-4000-4M1L-ZA0131,CNC530131,530131,8113331
AJCNC11223-2T2T-4000-4M1L-ZA0132,CNC530132,530132,8113332
AJCNC11223-2T2T-4000-4M1L-ZA0133,CNC530133,530133,8113333
AJCNC11223-2T2T-4000-4M1L-ZA0134,CNC530134,530134,8113334
AJCNC11223-2T2T-4000-4M1L-ZA0135,CNC530135,530135,8113335
AJCNC11223-2T2T-4000-4M1L-ZA0136,CNC530136,530136,8113336
AJCNC11223-2T2T-4000-4M1L-ZA0137,CNC530137,530137,8113337
AJCNC11223-2T2T-4000-4M1L-ZA0138,CNC530138,530138,8113338
AJCNC11223-2T2T-4000-4M1L-ZA0139,CNC530139,530139,8113339
AJCNC11223-2T2T-4000-4M1L-ZA0140,CNC530140,530140,8113340
AJCNC11223-2T2T-4000-4M1L-ZA0141,CNC530141,530141,8113341
AJCNC11223-2T2T-4000-4M1L-ZA0142,CNC530142,530142,8113342
AJCNC11223-2T2T-4000-4M1L-ZA0143,CNC530143,530143,8113343
AJCNC11223-2T2T-4000-4M1L-ZA0144,CNC530144,530144,8113344
AJCNC11223-2T2T-4000-4M1L-ZA0145,CNC530145,530145,8113345
AJCNC11223-2T2T-4000-4M1L-ZA0146,CNC530146,530146,8113346
AJCNC11223-2T2T-4000-4M1L-ZA0147,CNC530147,530147,8113347
AJCNC11223-2T2T-4000-4M1L-ZA0148,CNC530148,530148,8113348
AJCNC11223-2T2T-4000-4M1L-ZA0149,CNC530149,530149,8113349
AJCNC11223-2T2T-4000-4M1L-ZA0150,CNC530150,530150,8113350
AJCNC11223-2T2T-4000-4M1L-ZA0151,CNC530151,530151,8113351
AJCNC11223-2T2T-4000-4M1L-ZA0152,CNC530152,530152,8113352
AJCNC11223-2T2T-4000-4M1L-ZA0153,CNC530153,530153,8113353
AJCNC11223-2T2T-4000-4M1L-ZA0154,CNC530154,530154,8113354
AJCNC11223-2T2T-4000-4M1L-ZA0155,CNC530155,530155,8113355
AJCNC11223-2T2T-4000-4M1L-ZA0156,CNC530156,530156,8113356
AJCNC11223-2T2T-4000-4M1L-ZA0157,CNC530157,530157,8113357
AJCNC11223-2T2T-4000-4M1L-ZA0158,CNC530158,530158,8113358
AJCNC11223-2T2T-4000-4M1L-ZA0159,CNC530159,530159,8113359
AJCNC11223-2T2T-4000-4M1L-ZA0160,CNC530160,530160,8113360
AJCNC11223-2T2T-4000-4M1L-ZA0161,CNC530161,530161,8113361
AJCNC11223-2T2T-4000-4M1L-ZA0162,CNC530162,530162,8113362
AJCNC11223-2T2T-4000-4M1L-ZA0163,CNC530163,530163,8113363
AJCNC11223-2T2T-4000-4M1L-ZA0164,CNC530164,530164,8113364
AJCNC11223-2T2T-4000-4M1L-ZA0165,CNC530165,530165,8113365
AJCNC11223-2T2T-4000-4M1L-ZA0166,CNC530166,530166,8113366
AJCNC11223-2T2T-4000-4M1L-ZA0167,CNC530167,530167,8113367
AJCNC11223-2T2T-4000-4M1L-ZA0168,CNC530168,530168,8113368
AJCNC11223-2T2T-4000-4M1L-ZA0169,CNC530169,530169,8113369
AJCNC11223-2T2T-4000-4M1L-ZA0170,CNC530170,530170,8113370
AJCNC11223-2T2T-4000-4M1L-ZA0171,CNC530171,530171,8113371
AJCNC11223-2T2T-4000-4M1L-ZA0172,CNC530172,530172,8113372
AJCNC11223-2T2T-4000-4M1L-ZA0173,CNC530173,530173,8113373
AJCNC11223-2T2T-4000-4M1L-ZA0174,CNC530174,530174,8113374
AJCNC11223-2T2T-4000-4M1L-ZA0175,CNC530175,530175,8113375
AJCNC11223-2T2T-4000-4M1L-ZA0176,CNC530176,530176,8113376
AJCNC11223-2T2T-4000-4M1L-ZA0177,CNC530177,530177,8113377
AJCNC11223-2T2T-4000-4M1L-ZA0178,CNC530178,530178,8113378
AJCNC11223-2T2T-4000-4M1L-ZA0179,CNC530179,530179,8113379
AJCNC11223-2T2T-4000-4M1L-ZA0180,CNC530180,530180,8113380
AJCNC11223-2T2T-4000-4M1L-ZA0181,CNC530181,530181,8113381
AJCNC11223-2T2T-4000-4M1L-ZA0182,CNC530182,530182,8113382
AJCNC11223-2T2T-4000-4M1L-ZA0183,CNC530183,530183,8113383
AJCNC11223-2T2T-4000-4M1L-ZA0184,CNC530184,530184,8113384
AJCNC11223-2T2T-4000-4M1L-ZA0185,CNC530185,530185,8113385
AJCNC11223-2T2T-4000-4M1L-ZA0186,CNC530186,530186,8113386
AJCNC11223-2T2T-4000-4M1L-ZA0187,CNC530187,530187,8113387
AJCNC11223-2T2T-4000-4M1L-ZA0188,CNC530188,530188,8113388
AJCNC11223-2T2T-4000-4M1L-ZA0189,CNC530189,530189,8113389
AJCNC11223-2T2T-4000-4M1L-ZA0190,CNC530190,530190,8113390
AJCNC11223-2T2T-4000-4M1L-ZA0191,CNC530191,530191,8113391
AJCNC11223-2T2T-4000-4M1L-ZA0192,CNC530192,530192,8113392
AJCNC11223-2T2T-4000-4M1L-ZA0193,CNC530193,530193,8113393
AJCNC11223-2T2T-4000-4M1L-ZA0194,CNC530194,530194,8113394
AJCNC11223-2T2T-4000-4M1L-ZA0195,CNC530195,530195,8113395
AJCNC11223-2T2T-4000-4M1L-ZA0196,CNC530196,530196,8113396
AJCNC11223-2T2T-4000-4M1L-ZA0197,CNC530197,530197,8113397
AJCNC11223-2T2T-4000-4M1L-ZA0198,CNC530198,530198,8113398
AJCNC11223-2T2T-4000-4M1L-ZA0199,CNC530199,530199,8113399
AJCNC11223-2T2T-4000-4M1L-ZA0200,CNC530200,530200,8113400
AJCNC11223-2T2T-4000-4M1L-ZA0201,CNC530201,530201,8113401
AJCNC11223-2T2T-4000-4M1L-ZA0202,CNC530202,530202,8113402
AJCNC11223-2T2T-4000-4M1L-ZA0203,CNC530203,530203,8113403
AJCNC11223-2T2T-4000-4M1L-ZA0204,CNC530204,530204,8113404
AJCNC11223-2T2T-4000-4M1L-ZA0205,CNC530205,530205,8113405
AJCNC11223-2T2T-4000-4M1L-ZA0206,CNC530206,530206,8113406
AJCNC11223-2T2T-4000-4M1L-ZA0207,CNC530207,530207,8113407
AJCNC11223-2T2T-4000-4M1L-ZA0208,CNC530208,530208,8113408
AJCNC11223-2T2T-4000-4M1L-ZA0209,CNC530209,530209,8113409
AJCNC11223-2T2T-4000-4M1L-ZA0210,CNC530210,530210,8113410
